,Close_Corr,Vol_Corr
OTLY,0.02747454885297125,0.8426157688228268
EBET,0.6302729425170044,0.48537867872849183
ABNB,-0.27920314429934145,0.9536343851418916
LZ,0.20938967572009912,0.8785105216566187
FXLV,0.26656422840494576,0.8826373290389177
